Овсяные хлопья;150;12,3;6,2;61,8;352
Творог нежирный;200;22;0,6;3,3;110
Молоко коровье нежирное;200;3;0,05;4,9;32
Куриная грудка;200;23,6;1,9;0;113
Капуста белокочанная;150;1,8;0,1;4,7;28
Яйцо куриное отварное;150;12,7;11,5;0,7;157
Молоко коровье нежирное;250;3;0,05;4,9;32
Нут;200;20,5;4,3;63;360
Сывороточный протеин;50;78,1;1,6;6,3;352
Сывороточный протеин;50;78,1;1,6;6,3;352
