Арахисовая паста;16;28;53;11;640
Сывороточный протеин;25;78,1;1,6;6,3;352
Миндальный орех;20;18,6;53,7;13;609
Йогурт греческий;250;7;6;4,2;100
Морковь;200;1,3;0,1;6,9;35
Молоко коровье нежирное;375;3;0,05;4,9;32
Молоко коровье нежирное;250;3;0,05;4,9;32
Банан;150;1,5;0,5;21;96
Морковь;100;1,3;0,1;6,9;35
Лосось;200;20,6;6,3;0;144
Крупа овсяная;150;12,3;6,1;59,5;342
Сывороточный протеин;50;78,1;1,6;6,3;352
Творог 18%;200;15;18;2,8;236
