
7up;0;0;8,7;38

"Actimel of different types""";2,9;1,6;12;75

Almond petals; 22; 58;12; 650

Almonds;18.6;53.7; 13;609 

Amaranth groats; 13.6; 7; 58.6;371

Apple; 0.5; 0.1;10.1; 46

Apple juice; 0.4;0.4;9.8; 47

Apricot; 5;0,4;53; 242

Apricot juice; 0.9; 0.1; 12.7; 55

Apricots; 0.9; 0.1; 9; 44

Argentina; 17.6;2; 0; 88

Artichoke;1,2; 0,1;6; 28

Arugula;2.6;0.7;2.1; 25

Asparagus; 1,9; 0,1;3,1; 21

Aspen trees; 3,3; 0,5;1,2; 22

Atlantic cod;17.8;0.7;0; 82

Atlantic fat herring; 17.7;19.5;0; 248

Atlantic herring, low-fat;19.1;6.5; 0; 135

Atlantic herring, medium-salted; 17; 8.5;0; 145

Atlantic mackerel; 18; 13.2; 0; 191

Atlantic salmon(salmon); 20;8,1;0; 153

Autumn Capelin;13.6;18.1;0; 217 

Avocado; 2; 14.6;8.5; 160

Baltic sprats smoked;21,3;8,5;0;162

Banana; 1.5; 0.5; 21; 96

Barley groats; 10; 1,3; 65,4;313

Basil;2.5;0.6;4.3; 27

Beef 2 categories; 20; 9.8;0; 168

Beef heart; 16; 3,5;2; 96

Beef kidneys; 15.2;2.8;1.9; 86

Beef liver; 17.9;3.7;5.3;127

Beef sausages; 10,4;20,1;0,8;226

Beef sausages; 11,4;18,2;1,3;215

Beef tongue; 16;12.1;2.2;173

Beef, tenderloin; 22.2;7.1; 0; 158

Beer without alcohol; 0; 0;6.1; 33

Beetroot; 1,2; 0,1;7,1; 32

Beetroot; 1.5; 0.1;8.8; 42

Birch;0,1; 0;5,8; 24

Biscuits; 11;1.5;75; 360

Bitter chocolate;8; 36;46.8;540

Black currant;1; 0,4;7,3; 44

Black currant jam; 0,6;0; 72,9;282

Black radish; 1,9;0,2;6,7; 36

Black sturgeon caviar grainy; 28.4;9.3;0.6; 200

Black tea with milk and sugar; 0.7;0.8;8.2; 4

Black tea with sugar; 0,1; 0; 7; 28

Black tea without sugar; 0,1; 0;0; 0

Blackberries; 1.5;0.5;4.4; 34

Blueberries; 1; 0.5;6.6; 39

Blueberries; 1,1;0,6;7,6; 44

Blueberry jam; 0.4; 0; 51.6;211 Apple

Bluefin Tuna; 23.3;4.9; 0; 144

Boar; 21,5;3,3;0; 122

Boiled Barley groats; 2,3;0,3;15,7; 76

Boiled Chickpeas;8.9;2.6;27.4;164 

Boiled Millet;3.5;1.1;23.6;119

Boiled Pearl barley; 3.1;0.4;22.2;109

Boiled amaranth;3,8;1,6;16.6; 102

Boiled beets; 1,8; 0,1;9,8; 48

Boiled broccoli cabbage; 2.38;0.4;7.18; 35

Boiled buckwheat; 4,1; 1; 18,5; 100

Boiled cabbage; 1,4; 0,1;4,2; 24

Boiled carrots; 1,3; 0,1;6,4; 33

Boiled lentils; 9;0,4;20,1;116

Boiled lobster; 20,5;0,7;0,3; 90

Boiled lobster;20,5;0,7;0,3; 90

Boiled potatoes; 2; 0,4;15,8; 75

Boiled pumpkin; 1,2; 0,1;4,9; 26

Boiled quinoa;4,4;1,9;18,5; 120

Boiled red beans; 8,7; 0,5; 22,8; 127 

Boiled river cancer;20,3;1,3; 1; 97

Boiled soybeans; 16,6; 8,9;9,9; 173

Boiled sweet potato without skin; 1,4; 0,14;15,2; 76

Boletus;2,1;0,8;1,2;20

Brazil nut;14.3;67.1;4.2;659

"Bread Dr.Körner ""Borodino""";11;3;52;280 

"Bread Dr.Körner ""Buckwheat with vitamins";11,6;3;52,4;283 

"Bread Dr.Körner ""Rice with vitamins";6;1;69;310 

"Bread Dr.Körner ""Seven-grain""";10;2;57;290 

Bread from rye-wheat flour;6,8;1,2;46,4;215 

Bread from wheat flour;7,6;2,9;51,4;262 

Bread from wheat flour 1st grade;7,6;0,9;49,7;226 

Bread kvass; 0,2; 0;5,2; 27

"Bread""Borodinsky""""""";6,9;1,3;40,9;208 

Bread, cereal (flour C);8,6;1,4;45,1;228 

Bread, whole-grain cereals;13,3;4,2;43,3;265

Bream; 17.1;4.1; 0; 105

Broccoli cabbage; 2.8;0.37;6.6; 34

Broccoli frozen, boiled; 3,1; 0,12;5,35; 28

Broilers (chickens) 1 cat.; 18,7;16,1; 0; 220

Broilers (chickens) 2 cat.; 19,7; 11,2; 0; 180

Brussels sprouts; 3,4;0,3;8,9; 43

Brussels sprouts, frozen, boiled; 3,6;0,4;8,3; 42

Buckwheat bread; 9,5;2,3;60.4; 300 fresh

Buckwheat kernel; 12.6;3.3;57.1;308

Bull; 17.5;2; 0; 88

Burbot;18.8;0.6;0; 81

Butter;1;82,5;0,9;748

"Butter ""Valio""";0,7;82;0,7;740

Butterfish smoked;18;12;0;180

"Cake ""Flight""";5,7;24,8;55,4;456

"Cake ""Napoleon""";6,4;42;39;560

"Cake ""fairy Tale"""; 4,3;17,1;46,9; 351 

Cakes; 5; 27.5;59;460

"Candy ""Cow""";2,7;4,4;82,4;351

Cane sugar; 0; 0; 99.7;394

Canned beef stew;16.8;17;0.2; 220

Canned stewed Pork;14.9;32.2;0.2;349

"Capelin Caviar """"Santa Bremor""""""";9,3;38,6;0;382

Caramel;0.8; 1; 96.5;384

Carp;16;5,3;0; 112

Carp;17.7;1.8; 0; 87

Carp;18.2;2.7;0; 97

Carrot; 1,1; 0,1;12,6; 56

Carrots; 1,3; 0,1;6,9; 35

Cashews; 18.5; 48.5;22.5; 600

Caspian sturgeon;16,4;10,9; 0; 164

Category 1 beef; 18.6; 16; 0; 218

Category 1 mutton; 15,6;16,3; 0; 209

Category 2 lamb; 19.8;9.6; 0; 166

Catfish motley;19,6;5,3;0;126

Cauliflower; 2.5;0.3;4.2; 30

Celery greens; 0.9;0.1;2.1; 13

Celery root; 1,3;0,3;6,5; 37

Chak-chak; 8,6;1,9;77,9;363

Champignons;4,3;1; 0,1; 27

Chanterelles; 1.5;1;1; 19

Chard; 1,8;0,2;2,1; 19

"Cheese ""Adygeisky""";19,8;19,8;1,5;264

"Cheese ""Dutch"" round""";23,7;30,4;0;375

"Cheese ""Dutch"" squared""";26;26,8;0;352

"Cheese ""Edam""";25;27,8;1,4;357

"Cheese ""Viola""";11;28;2;305

"Cheese""Feta""""""";14,2;21,3;4;264

"Cheese""Gouda""""""";25;27;2;356

"Cheese""Lamber""""""";23,7;30,5;0;377

"Cheese""Lamber,"""" creamy""""""";23,7;32,5;0;395

"Cheese""Maasdam""""""";23,5;26;0;350

"Cheese""Parmesan""""""";37,8;27,3;3,4;415

"Cheese""Russian""""""";23,2;29,5;0;364

"Cheese""Tilsiter""""""";24,4;26;1,9;340

Cherries; 1,1;0,4;10,6; 52

Cherry;0.8;0.2;10.6; 52

Cherry jam;0; 0; 64;256

Cherry plum; 0,2; 0,1;7,9; 34

Cherry tomatoes; 0.8; 0.1;2.8; 15

Chia seeds;16.5;30.7;7.7;486

Chicken 1 cat.; 18.2;18.4; 0; 238

Chicken 2 cat.; 21.2;8.2;0; 159

Chicken breast; 23.6;1.9;0; 113

Chicken egg;12,7;10,9;0,7;157 

Chicken heart;15.8;10.3;0.8;159

Chicken legs; 16.8;10.2;0; 158

Chicken liver;19.1;6.3;0.6;136

Chicken sausages; 10.8;22.4;4.2;259

Chickpeas; 20.5;4.3;63; 360

"Chocolate bar ""Snickers""";9,3;27,9;54,6;507

Chocolate butter;1,5;62;18,6;642

Chopped Ham;16.3;20.7;1.8; 263

Cloudberry; 0,8;0,9;7,4; 40

Coca-Cola; 0; 0;10,4;42

Cocoa powder; 24.3; 15; 10.2;289

Cod liver;4,2;65,7;1,2; 613

Coffee black grain without sugar; 0,2; 0,5;0,3; 7

Coffee with milk and sugar; 0,7; 1; 11,2; 58

Coho salmon;21,6;5,9;0;146

Cold-smoked Bream;29.7;4.6; 0; 160

Cold-smoked mackerel; 23.4;6.4;0; 150

Cold-smoked sturgeon, balyk; 20,4;12,5; 0; 194

Collards cabbage (Collards); 3; 0,6;1,4; 32

Condensed milk with sugar 8.5%, Belarus; 7.2;8.5; 56; 329

"Cooked sausage """"Moscow""";11,5;21,8;2;250

"Cooked sausage ""Amateur""";12,2;28;0,1;301

"Cooked sausage ""Doctor""";12,8;22,2;1,5;257

"Cooked sausage ""Milk""";11,7;22,8;0,2;252

"Cooked sausage ""Russian""";11,5;27,9;1,7;302

Cookies; 10,4;10;76,8;415

Corn groats; 8,3;1,2;71;328

Corn, food grain; 10.3;4.9;60;325

Cottage cheese 18%;15;18;2,8;236

Cottage cheese 5%;21;5;3;145

Cottage cheese 9%;18;9;3;169

Cow's milk cheese;22.1;19.2;0.4;262

Crab sticks; 7;0.7;16.2; 95

Crabs; 18.7;1.1;0.1; 85

Cranberries; 0.5;0.2;3.7; 28

Cream 10%;2,7;10;4,4;119

Cream 20%;2,5;20;4;205

Croissants; 8; 19,28,8;47;470

Cupcake with raisins; 6,4;17,6;53,6;384

Cupid white; 18.6;5.3; 0; 134

Daikon;1,2; 0;4,1;21

Dates; 2.5; 0.5;69.2; 292

Dill; 2.5;0.5;6.3; 40

Domestic duck, meat and skin;15.8;38; 0; 405

Domestic goose, meat; 22,7;7,1; 0; 161

Domestic goose, meat and skin;15,8;39; 0; 412

Dorado;18;3;0; 96

Dried Pear; 2,3;0,6;62,6;270

Dried apples; 2,2; 0,1; 59; 253

Dried apricots; 5,2;0,3;51;232

Dried aspen; 35,4;5,4;33,2;315

Dried bananas; 3,9;1,8;78,4;346

Dried boletus; 23,5;9,2;14,3;231

Dried bream; 42;5,9;0; 221

Dried cherries; 1.5; 0; 73; 290

Dried figs; 3,1;0,8;57,9; 257

Dried melon; 0.7; 0.1;82.2; 341

Dried peach; 3; 0,4;57,7;254

Dried roach;46,4;5,5; 0; 235

Dried spirulina; 57.5;7.72;23.4;290

Dried squid; 62; 2;5;286

Dried white mushrooms; 30,3; 14,3;9; 286

Dry rosehip;3,4;1,4;48,3;284

Durian; 1.5;5.3;23.3;147

Egg duck;13,3;14,5;0,1;185

Egg fried without oil;14,6;12,6;0,8;174 

Egg powder;46;37,3;4,5;542 

Eggplant; 1,2; 0,1;4,5; 24

Eggplant caviar; 1,7;13,3;5,1;148

Eggs boiled;12,7;11,5;0,7;157 

Elk; 23;1.5;0;111

Fanta; 0; 0; 11.7;48

Far Eastern flounder;15.7;3; 0; 90

Fat;2,4;89;0; 797

Fat beef, pork, mutton ghee;0;99,7;0;897

Fat cooking, confectionery;0;99,7;0;897

Fat fish;0;100;0;902

Fat pork; 11.7;49.3; 0; 491 

Feijoa;0.7;0.4;8.8; 61

Fish Milk;16;2.9;0; 90

Flax seeds; 18.3;42.2;28.9;534

Fresh figs; 0,7;0,2; 12; 54

Fresh green peas; 5; 0,2;8,3; 55

Fresh oyster Mushrooms;2.5;0.3;6.5;3.8

Fresh pears; 1,8; 0,5;0,8; 16

Fresh rosemary;3,3;5,9;17,6;131

Fresh thyme; 5,6;1,7;15,9; 101

Fried Pistachios without oil; 21.1;45.8;17.3;569

Garlic;6.5;0.5;29.9;149

Garnet;0.3; 0.1;14.2; 56

Garnet;0.7;0.6;14.5; 72

Ginger, raw root; 1,8; 0,75;15,8; 80

Gooseberry;0.7;0.2;9.1; 45

Granulated sugar; 0; 0; 99.8;399

Grape;0.3;0.2;16.3; 70

Grapefruit; 0.3;0.1;7.9; 38

Grapefruit; 0.7;0.2;6.5; 35

Grapes;0.6;0.6;15.4; 72

Greek Yogurt; 7; 6;4,2; 100

"Green Buckwheat (""""Mistral"""")""";13,4;3;68;328

Green onion; 1,3; 0,1;3,2; 20

Green radish;2;0,2;5,6; 32

Green tea; 0; 0;0; 0

Greenhouse cucumbers; 0,7; 0,1;1,9; 11

Greenhouse tomatoes; 0,9; 0,1;2,9; 17

Ground cucumbers; 0,8; 0,1;2,5; 14

Ground tomatoes; 1,1;0,2;3,8; 24

Haddock;17.2;0.5;0; 73

Hake; 16.6;2.2;0; 86

Halibut; 18,9;3; 0; 103

Halva;11.6;29.7;54;516

Hazelnut(hazel); 13; 62.6;9.3;653

Hazelnuts (cultivated hazel); 15; 61.5;9.4; 651 

Hell;3,2;0,4;10,5;59

Herring;17.5;2;0; 88

Herring ROE; 31.6;10.3;0; 222

Herring in vegetable oil; 16,4;26,5; 0; 301

Honey Cake; 6; 29;49; 480

Horse Mackerel in oil; 15.6;27.4; 0; 309

Horse Mackerel in tomato sauce;14.8;2.3;73; 110

Horse Meat; 20,2;7; 0; 187

Hot smoked Mackerel;22.1;23.8; 0; 307

Hot smoked herring;21.8;14.3; 0; 215

Hot smoked sea bass; 23,5;8; 0; 166

Hot-smoked bream; 32.8;4.5; 0; 172 

IDE; 18.2;1;0; 81

Ice cream sundae;3,2; 15;20,8;227

Ice fish;15.5;1.4;0; 75

Instant chicory; 0.1; 0;2.8; 11

Jam;0,6;0,5; 74; 285

Jam;0.4; 0; 68.7;260

Jerusalem artichoke;2.1; 0.1;12.8; 61

Kale leafy cabbage(Kale, Kale); 2,8;0,6;6,6; 42

Kamchatka crab, meat; 18.2;1; 0; 82

Kefir 1%;3;1;4;40

Kefir 2,5%;2,9;2,5;4;53

Kefir 3,2%;2,9;3,2;4;59

Kelp (seaweed) dried; 31.5;21.8;38.1; 476

Kelp (seaweed) raw;1.7;0.56;8.9; 43

Keta; 19;5,6; 0; 127

Kishmish raisins; 2,3;0,5;65,8; 281

Kiwis;0.8;0.4;8.1; 47

Kohlrabi cabbage; 2.8;0.1;7.9; 44

Kozinak from sunflower seeds; 14.8;42.6;34.5;576

Kumquat;1.9;0.9;13.4; 71

"Kvass Ochakovsky""""""";0;0;5,5;30

Language of the sea; 10.3;5.2;0; 88

Lard;1,4;92,8;0; 841

Leek;2;0.2;6.3; 36

Lemon; 0.9;0.1; 3; 34

Lemon, freshly squeezed; 0,35;0,24;6,6; 22

Lemonade;0; 0;6,4;26

Lemonema;15.9;0.4;0; 67

Lentils; 24.6;1.1;63.4;352

Lettuce; 1.5;0.2; 2; 16

Light Mayonnaise; 1,4; 30;6,5; 300 

Lightly salted Trout;20.6;10.1; 0; 186

Lightly salted fat trout; 23; 15; 0; 227

Lime, freshly squeezed; 0,4; 0,1; 8; 25

Lingonberry;0.7; 0.5;8.2; 46

Liver sausages;14.4 V;28,5;2,2;326

Lobster;18,8;1,3;0,5;89

Lobster;18.8;0.9;0.5; 90

Long-grain unpolished rice (brown); 7.5; 2; 73; 340 

Low-fat cottage cheese; 22; 0,6;3,3; 110

Low-fat cow's milk; 3; 0.05;4.9; 32

Low-fat kefir; 3; 0.05; 4; 31

Lychee; 0.8;0.4;15.2; 66

Macadamia nut;7.9;75.8;5.2;718

Macaroni products from durum flour in/with; 11; 1,3;70,5;338

Mackerel;18.7;11.9;0; 181

Mackerel in oil; 14.4;28.9; 0; 318

Macrurus; 13,2;0,8;0; 60

Mango;0.8;0.4;13.4; 60

Mango juice;0; 0;13.5;54

Margarine;0,5;82,5;1;746

Marmalade;0;0,1;77,7;296

Marshmallow in chocolate;2;10;70;365

Marshmallows;1;0,1;80,5;311

Mash;23,9;1,2;62.6 per;347

Mash boiled;7;0,4;19,2;105

Mayonnaise; 3,1; 72;3,9; 665

Meat Pork;14.3;33.3; 0; 357 

Melange;12,7;11,5;0,7;157

Melon; 0.6;0.3;7.4; 35

Melted butter;0,2;99;0;892

Milk 1.5% fat content; 3; 1.5;4.8; 45

Milk 2,5%;2,9;2,5;4,8;54

Milk 3,2%;2,9;3,2;4,7;60

Milk chocolate; 6,9; 35,7;54,4; 550

Milk ice cream; 3,2;3,5; 21,3; 126

Millet; 11.5;3.3;66.5;342

Morels; 1,7;0,3;4,2; 27

Muffin;8;16.8;74.4; 450

Mullet;21;0,4;0; 124

Mussels;11,5;2;3,3;77

Mussels;17,5;2;0;88

Mustard leaf;2,9;0,4;1,5; 27

Natural Mackerel;17.7;14.4; 0; 200

Natural Tuna;22.5;0.7; 0; 96

Natural honey;0,8;0;80,3;328

Natural pink salmon;20,9;5,8;0;136

Navaga;19.2;1.6;0; 91

Nectarine; 1,1;0,3;9; 44

Nougat; 7; 22;72;465

Oat groats; 12,3;6,1;59,5; 342

Oatmeal; 12,5;6; 64,9;363

Oatmeal; 12.3;6.2;61.8;352

Oatmeal cookies; 6.5;14.4;71.8; 437

Oatmeal porridge on water; 3; 1,7; 15; 88

Oatmeal porridge with milk; 3,2;4,1;14,2; 102

Ocean horse mackerel;18.5;4.5; 0; 114

Olive oil;0;99,8;0;898

Omar;18.8;1.3;0.5; 89

Onion; 1,4;0,2;8,2; 41

Opyat;2,2;1,2;0,5; 22

Orange;0.9;0.2;13.2; 60

Oranges; 0.9;0.2;8.1; 43

Ostrich meat; 21.8;2.3;0; 114

Oyster;9; 2;4,5;72

Pacific cod;15.3;0.4;0; 69

Pacific fat herring; 14; 15; 0; 191

Pacific low-fat herring; 18; 7;0;135

Pacific medium-salted herring; 17.4;17.1; 0; 224

Pangasius;15.3;3;0; 89

Papaya; 0.5;0.26;9.1; 43

Parsley greens; 3,7;0,4;7,6; 49

Parsley root; 1.5;0.6;10.1; 51

Parsnip root; 1,4; 0,5;9,2; 47

Passion Fruit;2,4;0,4;13,4; 68

Pastille;0.5; traces;80.4;305

Pattison;0,6;0,1;4,1; 19

Peach;0.3;0;16.5; 68

Peach;0.9;0.1;9.5; 45

Peanuts; 26.3;45.2;9.9;552

Pear;0,4; 0; 11; 45

Pear;0,4;0,3;10,3; 47

Pearl barley; 9.3;1.1; 66.9; 315 

Peas boiled;8,3;0.4;21;118

Peas grain;20,5;2;49,5;298

Peas polished whole;22;2;57;330

Pecans; 9.2; 72;4.3;691

Peeled rye flour; 8,9; 1,7;61,8; 298

Peking cabbage; 1,2; 0,2;2; 16

Pepsi;0; 0;8,7;38

Persimmon;0.5;0.4;15.3; 67

Pheasant, breast; 24.3;3.2; 0; 133

Pheasant, meat and skin;22.7;9.3;0; 181

Pickled cucumbers; 0,8; 0;1,3; 16

Pickled cucumbers; 0,8; 0,1;1,7; 13

Pickled tomatoes; 0.5; 0.1;2.1; 10

Pig tongue; 15.9; 16;2.1;208

Pike;18.4;1.1; 0; 84

Pike caviar; 17.3;2; 0; 87

Pike perch;18,4;1,1; 0; 84

Pine nuts; 13.7;64.1;9.4;673

Pineapple;0.3; 0.1; 11.4; 48

Pineapple;0.4;0.2;11.5; 52

Pink salmon in tomato sauce;15;6;4,1;130

Pink salt;22,1;9;0;169

Plum; 0.8;0.3;9.6; 49

Plum Jam; 0,7; 0; 74,6;283

Polka dot green;3,1;0,2;6,5;40

Pollock;15.9;0.9;0; 72

Pollock Liver;6; 50;0; 474

Pollock caviar breakdown;27,9; 1,8;1,1;132

Pomelo; 0,8;0,04;8,6; 38

Poppy Seeds; 17.5;47.5;14.5;556

Pork liver; 18.8;3.8;4.7;109

Pork sausages; 10.1;31.6;1.8;322

Pork sausages; 9,5;34,3; 0; 342

Pork, tenderloin; 19.4;7.1; 0; 142

Potato starch; 0,1; traces; 79,6;299

Potatoes; 2;0,4;16,3; 77

Prague Cake;7,2;26,5;65;520

Processed cheese; 16,8;11,2;23,8;257

Protein;11.1;0; 0; 44

Prunes (dried plum); 2,3;0,7;57,5;256

Pumpkin; 0; 0;9; 38

Pumpkin;1; 0,1;4,4; 23

Pumpkin seeds, dried kernels; 30.2;49.1;9.3;559

Quail egg;11,9;13,1;0,6;168 

Quail, meat and skin; 19.6; 12; 0; 192 

Quince; 0.6;0.5;9.6; 48

Quinoa groats;14.1;6.1;57.2;368

Rabbit;21.2;11;0; 183

Radish; 1.2;0.1;3.4; 20

Raisins;2,5;0,54;67,7;296

Rapana; 16.7;1.1; 0; 77

Raspberry;0.8;0.5;8.3; 46

Raspberry jam; 0,6; 0;70,4;270

Raw Pistachios;20.2;45.3;16.6;560

Raw brisket;8,9;63,3;0; 605

Raw coconut;3,3;33,5;6,2; 354

Raw corn;3.3;1.35;16.7; 86

Raw hemp seeds; 20.1; 32.5; 14; 429 

Red cabbage; 0.8;0.2;5.1; 26

Red common Beans, all types; 23,5;0,8; 60; 333

Red crushed Persian lentils; 24,7; 1,2;62,5;328

Red currant;0,6;0,2;7,7; 43

Red lentils; 21.6;1.1;48;314

Red onion; 1,4; 0,1;9,1; 42

Red salmon ROE; 32; 15; 0; 263

Red sockeye salmon; 20.3;8.4; 0; 157

Red unpolished Rice; 7.5; 3; 68;330

Refined Sugar;0;0; 99.9; 400

Refined hemp Seeds; 31.6;48.7;4.7; 553

River cancer; 15.5; 1; 1.2; 76

River perch; 18.5;0.9;0; 82

Roach; 18;2.8;0; 95

Roach;17.5;2;0; 88

Roasted Almonds;22.4;55.9;12.3;642

Roasted Cashews; 17.5;42.2;30.5;572

Roasted Hazelnuts; 17.8;66.1;9.4;703

Roasted Peanuts; 26;52;13.4;626

Rosehip fresh; 1,6;0,7;22,4;109

Rutabaga; 1,2; 0,1;7,7; 37

Rye bread;4,7;0,7;49,8;214 

Rye seed flour; 6,9; 1,4;66,3;305

Salmon;19.8;6.3;0;142

Salmon;20,5;6,5;0;140

Salmon;20.6;6.3;0;144

Salmon;21.6;6;0; 140

Salmon belly;25; 24; 0;310

Salmon hot smoked;23,2;7,6;0;161

Salted Hamsa;21.2;9; 0; 166

Salted chum salmon;24.3;9.6;0; 184

Salted gutted salmon with head;22.5;12.5; 0; 202

Salted herring;19.8;15.4;0; 217

Salted salmon; 21; 20.5;0; 269

Salted tomatoes; 0.5; 0.1;2.1; 11

Sardines in oil; 24.1;13.9; 0; 221

Sardines in tomato sauce; 17;9,9;1,4;162

Sardines with added oil; 19; 18; 0; 238

Sauerkraut; 1,8; 0,1; 3; 23

Saury blanched in oil; 18,3; 23,3; 0; 283

"Sausage , ""Brunswick""""""";27,7;42,2;0,2;491

"Sausage boiled-smoked ""Moscow""";19,1;36,6;0,2;406

"Sausage boiled-smoked ""Sausage""";16,1;40,1;0;425

Sausage swine;13;57;0,2;566

"Sausages ""Dairy""";11;23,9;0,4;261

Savoy cabbage; 1,2; 0,1;5,6; 28

Scallop;17; 2;3; 92

Sea Trout;20.5;4.3; 0; 157 

Sea bass; 18,2;3,3;0; 103

Sea buckthorn; 1.2;5.4;5.7; 82

Seaweed; 0.8;5.1;0; 49

"Semi-smoked sausage ""Cracow""";16,2;44,6;0;466

"Semi-smoked sausage ""Odesa""";14,8;38,1;0,3;402

Semolina; 10,3; 1;70,6;333

Semolina porridge on water; 2.5; 0.2; 16.8; 80

Semolina porridge with milk; 3; 3,2;15,3; 98

Sesame seeds; 19.4;48.7;12.2;565

Shpikachki; 10; 33;0; 337

Shrimp;22; 1,6;0; 97

Smoked Capelin; 18; 22; 0; 270 

Smoked Herring; 25,4;5,6; 0; 152

Smoked loin; 10.5;47.4;0; 469

Smoked salmon; 22.5;12.5; 0; 202

Smoked trout; 26; 3.1;0.5;132 

Som; 17,2;5,1; 0; 115

Sorrel; 1,5;0,3;2,9; 22

Sour Cream 10%;2,7;10;3,9;119

Sour Cream 20%;2,5;20;3,4;206

Sour Cream 30%;2,3;30;3,1;293

Sour cream and nut Cake;2,9;13,5;35,3;275

Soy grain;36.7;17.8;17.3;364

Soybeans; 36.4;19.9;30.1;446

Spinach; 2,9;0,3;2; 23

Split peas;23;1,6;48,1;299

Sprat Baltic;14,1;9;0;137

Sprat Baltic salt;17,1;7,6;0;137

Sprat Caspian;18,5;13,1;0;192

Sprat in tomato sauce;14;12;4,5;182

Sprat pate;12; 14;5,3;195

Sprat spicy salted;14,8;10,5;0;154

Sprats in oil; 17,4; 32,4;0,4;363

Spread;0; 40; 0; 360

Spring capelin; 13.1;7.1; 0; 116 

Squash caviar; 2; 9;8,6;122

Squid; 18;2.2;2; 100

Squid;15.5;1.4;3.1; 92

Steers in tomato sauce; 17,5; 2; 0; 88

Sterlet;17;6,1;0; 122

Strawberries;0.8;0.4;7.5; 41

Strawberry jam; 0,3;0; 74;282

String Beans; 2,5;0,3;3; 23

Striped tuna; 22; 1;; 103

Sturgeon; 15.8;15.4; 0; 202

Sturgeon caviar; 38.2; 14.5;1.5; 289

Suluguni;20.5;22;0.4;286

Sunflower oil;0;99,9;0;899

Sunflower seeds, dried kernels; 20.8; 51.5;17.4; 584

Sweet corn; 3,9;1,3;22,7; 120

Sweet pepper; 1.3;0.1;4.9; 26

Sweet potato; 1.6;0.05;17.1; 86

"Sweets ""Squirrel""";8,8;33,1;53,4;538

Syroezhki; 1,7;0,7;1,5; 19

Tangerine;0.8;0;9.8;45

Tangerines; 0.8;0.2;7.5; 38

Terpug;17.8;3.4;0; 102

The egg of a goose;13,9;13,3;1,4;185 

The egg of an ostrich;12,2;11,7;0,7;118 

"The sausage, ""Granular""";9,9;62,8;0,3;606

"The sausage, ""Moscow""";24,8;41,5;0;473

Tilapia; 20.1;1.7; 0; 96

Tomato;1,1;0,2;3,8; 21

Tonic;0; 0;8,3;34

Trout;19.2;2.1; 0; 97

Tula Gingerbread; 9;8,6;71,5;380

Tuna in oil; 22; 15.9; 0; 232

Turkey;19.5;22;0;276

Turkey, breast; 23.6;1.5;0; 114

Turkey, minced meat; 20; 8; 0.5;161

Turkish delight; 0.8;0.7;82;320

Turn;1.5;0.3;9.4; 54

Turnip;1.5; 0.1;6.2; 32

Udder;12.3;13.7; 0; 173

Unpolished (brown) boiled rice; 2,5; 0,9; 23; 112

V/s Pasta; 10,4;1,1;69,7;337

V/s Pasta, cooked;3,5;0,4;23,2; 112

Veal of the 1st category; 19,7;2; 0; 97

Venison;19.5;8.5;0; 155

Waffles;3.2;2.8; 52; 342

Wakame seaweed (undaria pinnata) raw; 3; 0.64;9.3; 45

Wallpaper rye flour; 10,7;1,9;58,5; 294

Walnuts; 16.2;60.8;11.1; 656

Watercress; 2,3;0,1;0,8; 11

Watermelon;0.6;0.1;5.8; 27

Whale meat; 22.5;3.2; 0; 119

Wheat Flour from durum varieties in/s; 10,8;1,3;69,9;334

Wheat Flour of 2 grades; 11,6;1,8;64,8;322

"Wheat Groats """"Poltava""""""";11,5;1,3;67,9;329

Wheat flour Wallpaper; 11,5;2,2;61,5;312

Wheat flour crackers; 11,2; 1,4;72,4;331

Wheat flour in/s; 10,3; 1,1;70,6; 334 

Wheat flour of 1 grade; 10,6;1,3; 69;330

"Wheat groats """"Poltava"""" boiled"""; 2,9; 0,3;15,5; 79

White Mushrooms; 3,7;1,7;1,1; 34

White cabbage; 1,8; 0,1;4,7; 28

White currant; 0.5; 0.2; 8; 42

White ground boiled Rice; 2,3;0,2;28,7; 130 

White ground rice; 7; 1; 74;333

Whiting;18.5;0.9;0; 82

Whole milk mozzarella cheese; 22.2;22.3;2.2; 300

Whole milk ricotta cheese;11.3;13; 3; 174

Wild black Rice (water tsitsania); 14,7;1,1;68,7;357

Wild black boiled rice; 4;0,3;19,5; 101

Wild duck, meat; 19.8;4.3;0; 123

Wild duck, meat and skin; 17.4;15.2; 0; 211

Yellowfin Tuna;24.4;0.5; 0; 109

"Yogurt ""ACTIVIA ""different types""";4,5;3,5;15,8;107

Yolk;16.2;31.2;1; 354

Zucchini; 0,6;0,3;4,6; 24

Zucchini;1,2;0,2;2.7; 17

